[
  {
    "model": "events.event",
    "pk": 1,
    "fields": {
      "title": "Silent Auction",
      "description": "",
      "image": "events/auction.png",
      "type": "U",
      "date": null
    }
  },
  {
    "model": "events.event",
    "pk": 2,
    "fields": {
      "title": "Lynyrd Skynyrd",
      "description": "",
      "image": "events/concert.jpg",
      "type": "C",
      "date": null
    }
  },
  {
    "model": "events.event",
    "pk": 3,
    "fields": {
      "title": "Chili Cookoff Competition",
      "description": "",
      "image": "events/cookoff.jpg",
      "type": "K",
      "date": null
    }
  },
  {
    "model": "events.event",
    "pk": 4,
    "fields": {
      "title": "$1 raffle for new iPod",
      "description": "",
      "image": "events/raffle.jpg",
      "type": "R",
      "date": null
    }
  },
  {
    "model": "events.event",
    "pk": 5,
    "fields": {
      "title": "Make your own dream catcher!",
      "description": "",
      "image": "events/artsCrafts.jpg",
      "type": "A",
      "date": null
    }
  },
  {
    "model": "events.event",
    "pk": 6,
    "fields": {
      "title": "Free Hugs Booth!",
      "description": "",
      "image": "events/booth.jpg",
      "type": "B",
      "date": null
    }
  },
  {
    "model": "events.event",
    "pk":7,
    "fields": {
      "title": "Jump in the lake from a rope swing!",
      "description": "",
      "image": "events/lake.jpg",
      "type": "L",
      "date": null
    }
  },
  {
    "model": "events.event",
    "pk": 8,
    "fields": {
      "title": "Come swing with your friends and grill some steaks",
      "description": "",
      "image": "events/park.jpg",
      "type": "P",
      "date": null
    }
  },
  {
    "model": "events.event",
    "pk": 9,
    "fields": {
      "title": "Click here to learn about parking",
      "description": "",
      "image": "events/parking.jpg",
      "type": "I",
      "date": null
    }
  },
  {
    "model": "events.event",
    "pk": 10,
    "fields": {
      "title": "Putt putt golf with your sweetheart",
      "description": "",
      "image": "events/puttPutt.jpg",
      "type": "G",
      "date": null
    }
  },
  {
    "model": "events.event",
    "pk": 11,
    "fields": {
      "title": "Checkout the pool's waterslide and diving board!",
      "description": "",
      "image": "events/swimmingPool.jpg",
      "type": "S",
      "date": null
    }
  },
  {
    "model": "events.event",
    "pk": 12,
    "fields": {
      "title": "Brand new water slide at the swimming pool!",
      "description": "",
      "image": "events/waterSlide.jpg",
      "type": "W",
      "date": null
    }
  }
]
