[
  {
    "model": "sponsors.sponsor",
    "pk": 1,
    "fields": {
      "name": "Alliance Crane Service",
      "logo": "logo/alliance.jpg"
    }
  },
  {
    "model": "sponsors.sponsor",
    "pk": 2,
    "fields": {
      "name": "AM Express",
      "logo": "logo/am-express.png"
    }
  },
  {
    "model": "sponsors.sponsor",
    "pk": 3,
    "fields": {
      "name": "A Major Funding, Inc.",
      "logo": "logo/amf.jpg"
    }
  },
  {
    "model": "sponsors.sponsor",
    "pk": 4,
    "fields": {
      "name": "Breco, Inc.",
      "logo": "logo/breco.jpg"
    }
  },
  {
    "model": "sponsors.sponsor",
    "pk": 5,
    "fields": {
      "name": "Cogen Cleaning Technology",
      "logo": "logo/cogen-cleaning-technology.jpg"
    }
  },
  {
    "model": "sponsors.sponsor",
    "pk": 6,
    "fields": {
      "name": "Cowboy Cutting Board",
      "logo": "logo/cowboy-cutting-board.jpg"
    }
  },
  {
    "model": "sponsors.sponsor",
    "pk": 7,
    "fields": {
      "name": "Goshawk Environmental Consulting, Inc.",
      "logo": "logo/goshawk.jpg"
    }
  },
  {
    "model": "sponsors.sponsor",
    "pk": 8,
    "fields": {
      "name": "Kruse Village",
      "logo": "logo/kruse-village.jpg"
    }
  },
  {
    "model": "sponsors.sponsor",
    "pk": 9,
    "fields": {
      "name": "KTEX 106.1",
      "logo": "logo/ktex.jpg"
    }
  },
  {
    "model": "sponsors.sponsor",
    "pk": 10,
    "fields": {
      "name": "Kwik Kopy",
      "logo": "logo/kwik-kopy.jpg"
    }
  },
  {
    "model": "sponsors.sponsor",
    "pk": 11,
    "fields": {
      "name": "Lone Star Jellystone Park",
      "logo": "logo/lone-star-jellystone.png"
    }
  },
  {
    "model": "sponsors.sponsor",
    "pk": 12,
    "fields": {
      "name": "Precision Iceblast Corporation",
      "logo": "logo/precision-iceblast.png"
    }
  },
  {
    "model": "sponsors.sponsor",
    "pk": 13,
    "fields": {
      "name": "Red Dirt Apparel",
      "logo": "logo/red-dirt-apparel.jpg"
    }
  },
  {
    "model": "sponsors.sponsor",
    "pk": 14,
    "fields": {
      "name": "RVSource",
      "logo": "logo/rvsource.png"
    }
  },
  {
    "model": "sponsors.sponsor",
    "pk": 15,
    "fields": {
      "name": "Texomatic Pictures, LLC",
      "logo": "logo/texomatic.png"
    }
  },
  {
    "model": "sponsors.sponsor",
    "pk": 16,
    "fields": {
      "name": "Whitney Faske Photography",
      "logo": "logo/whitney-faske.jpg"
    }
  },
  {
    "model": "sponsors.sponsor",
    "pk": 17,
    "fields": {
      "name": "* About CWIC",
      "description": "Did you know..... 22 soldiers KBS per day. Whats KBS? Killed by suicide. 22 per DAY. The root cause is that a vet returning from a war zone simply has no tools to cope with the fact that they aren't in a war zone any more. They are unable to transition. So this year we,The Chili When Its Chilly Cook-Off Committee, have decided to raise awareness and raise money for The ReBoot Program with the Boot Campaign, which tackles the root cause of the struggles affecting so many of our brave servicemen and women, and brings together world class mental and physical treatment for them. Making them whole again. Thats 22 Moms and Dads who WON'T suffer the loss of their soldier by suicide. I want that number to be ZERO and I hope you do too. CWIC will always work to fulfill a solitary goal of helping folks who need it. Being blessed to be a part of doing good for others is a calling we accept, so the Board of Directors of A MAJOR FUNDING with the Executive Committee for CWIC will continue to seek out and work with charitable organizations who share our vision of grass-roots efforts to directly help those who need it, with as little overhead as possible to ensure the donation is put to good use. We remain committed to our cause, and are appreciative of the sponsors, supporters, and participants who share in our mission to help those in need. ALL PROFITS GO TO THE CHARITY, there are no paid staff associated with any part of this event.",
      "logo": "logo/cwic.jpg"
    }
  }
]
